{
  "factual_accuracy": {
    "FP16": 1.0,
    "INT8": 0.9,
    "INT4": 0.8
  },
  "consistency": {
    "FP16": 0.5093187743523346,
    "INT8": 0.4864790982466774,
    "INT4": 0.47107225761849775
  },
  "coherence": {
    "FP16": 0.6,
    "INT8": 0.6,
    "INT4": 0.6
  },
  "creativity": {
    "FP16": 0.725,
    "INT8": 0.6509433962264151,
    "INT4": 0.6772486772486772
  },
  "perplexity": {
    "FP16": 16.506351633569743,
    "INT8": 16.393917628145754,
    "INT4": 15.234854999697099
  },
  "qa_capability": {
    "FP16": 1.0,
    "INT8": 1.0,
    "INT4": 0.8
  }
}